application_id,candidate_id,job_id,company_id,application_date,status,source,applied_from
1,34,7,9,2026-06-22,Shortlisted,Mobile,Landing Page
2,3,1,3,2026-05-11,Shortlisted,Mobile,Job Board
3,41,5,10,2026-04-12,Hired,Web,Landing Page
4,6,17,8,2026-06-02,Shortlisted,Referral,Job Board
5,44,14,4,2026-05-31,Submitted,Email,Company Site
6,6,14,4,2026-05-18,Shortlisted,Email,Company Site
7,42,4,4,2026-05-02,Submitted,Mobile,Landing Page
8,31,2,5,2026-06-08,Submitted,Web,Company Site
9,49,17,8,2026-04-23,Rejected,Email,Job Board
10,7,11,8,2026-06-04,Shortlisted,Referral,Company Site
11,44,2,5,2026-06-18,Submitted,Email,Landing Page
12,33,13,4,2026-04-14,Submitted,Web,Job Board
13,42,20,8,2026-06-24,Rejected,Web,Landing Page
14,2,20,8,2026-05-11,Submitted,Email,Job Board
15,37,2,5,2026-05-25,Rejected,Mobile,Company Site
16,6,8,9,2026-04-02,Rejected,Mobile,Company Site
17,4,2,5,2026-05-12,Shortlisted,Referral,Company Site
18,39,5,10,2026-05-05,Rejected,Web,Job Board
19,31,14,4,2026-05-10,Submitted,Web,Job Board
20,42,11,8,2026-05-06,Submitted,Web,Company Site
21,17,10,9,2026-05-19,Submitted,Referral,Company Site
22,5,4,4,2026-05-27,Rejected,Web,Company Site
23,24,7,9,2026-05-27,Hired,Web,Job Board
24,31,16,7,2026-06-09,Submitted,Email,Job Board
25,33,5,10,2026-04-02,Submitted,Referral,Company Site
26,26,20,8,2026-05-19,Shortlisted,Web,Company Site
27,27,13,4,2026-06-28,Rejected,Web,Company Site
28,26,3,6,2026-05-17,Submitted,Web,Job Board
29,24,19,2,2026-05-17,Submitted,Web,Company Site
30,32,12,6,2026-06-10,Shortlisted,Email,Landing Page
31,22,9,9,2026-06-13,Hired,Referral,Landing Page
32,49,9,9,2026-05-30,Submitted,Email,Landing Page
33,4,11,8,2026-04-25,Rejected,Mobile,Landing Page
34,25,1,3,2026-06-23,Submitted,Web,Company Site
35,20,16,7,2026-05-08,Rejected,Referral,Job Board
36,27,2,5,2026-04-11,Submitted,Email,Company Site
37,48,15,3,2026-05-22,Shortlisted,Mobile,Job Board
38,46,19,2,2026-05-31,Submitted,Email,Company Site
39,5,19,2,2026-06-24,Submitted,Mobile,Job Board
40,40,18,8,2026-05-03,Rejected,Referral,Landing Page
41,22,18,8,2026-05-26,Submitted,Web,Job Board
42,43,7,9,2026-05-10,Submitted,Email,Company Site
43,31,20,8,2026-06-22,Submitted,Web,Landing Page
44,23,8,9,2026-04-25,Hired,Web,Landing Page
45,23,4,4,2026-04-22,Submitted,Referral,Job Board
46,1,9,9,2026-04-03,Shortlisted,Referral,Job Board
47,41,1,3,2026-06-18,Submitted,Referral,Landing Page
48,23,16,7,2026-04-03,Submitted,Web,Landing Page
49,11,14,4,2026-04-20,Submitted,Web,Landing Page
50,38,7,9,2026-06-20,Rejected,Web,Company Site
51,7,2,5,2026-06-11,Submitted,Referral,Landing Page
52,48,20,8,2026-05-06,Submitted,Mobile,Company Site
53,6,11,8,2026-06-27,Submitted,Web,Company Site
54,47,1,3,2026-04-09,Submitted,Referral,Landing Page
55,38,8,9,2026-03-31,Submitted,Web,Landing Page
56,20,9,9,2026-06-29,Submitted,Email,Job Board
57,47,13,4,2026-05-17,Submitted,Mobile,Job Board
58,5,1,3,2026-05-20,Submitted,Email,Job Board
59,20,20,8,2026-05-29,Shortlisted,Email,Landing Page
60,12,7,9,2026-06-11,Submitted,Mobile,Company Site
61,12,9,9,2026-04-13,Submitted,Mobile,Landing Page
62,21,5,10,2026-05-27,Shortlisted,Mobile,Job Board
63,25,16,7,2026-04-25,Submitted,Referral,Job Board
64,3,2,5,2026-05-23,Rejected,Referral,Landing Page
65,42,15,3,2026-05-08,Shortlisted,Web,Company Site
66,2,10,9,2026-05-24,Submitted,Email,Landing Page
67,16,15,3,2026-04-26,Rejected,Mobile,Landing Page
68,6,2,5,2026-05-19,Rejected,Email,Job Board
69,46,12,6,2026-05-15,Submitted,Referral,Company Site
70,42,5,10,2026-04-23,Rejected,Mobile,Landing Page
71,23,4,4,2026-04-30,Rejected,Referral,Landing Page
72,34,9,9,2026-06-02,Submitted,Web,Job Board
73,11,20,8,2026-06-07,Rejected,Referral,Job Board
74,26,3,6,2026-05-17,Submitted,Web,Job Board
75,33,14,4,2026-05-23,Rejected,Email,Landing Page
76,45,13,4,2026-06-22,Hired,Referral,Job Board
77,13,4,4,2026-04-20,Submitted,Referral,Job Board
78,29,2,5,2026-06-18,Submitted,Mobile,Landing Page
79,46,14,4,2026-05-04,Submitted,Email,Job Board
80,12,1,3,2026-04-27,Submitted,Referral,Company Site
81,26,17,8,2026-06-09,Submitted,Email,Job Board
82,38,7,9,2026-06-21,Submitted,Email,Landing Page
83,16,16,7,2026-06-08,Shortlisted,Mobile,Job Board
84,8,13,4,2026-05-28,Hired,Referral,Landing Page
85,9,12,6,2026-05-22,Submitted,Referral,Landing Page
86,27,7,9,2026-04-11,Submitted,Email,Job Board
87,16,16,7,2026-06-03,Rejected,Mobile,Company Site
88,2,14,4,2026-05-05,Hired,Mobile,Landing Page
89,24,8,9,2026-05-01,Submitted,Web,Job Board
90,3,6,9,2026-05-27,Submitted,Referral,Job Board
91,7,13,4,2026-06-08,Shortlisted,Referral,Job Board
92,28,13,4,2026-05-25,Shortlisted,Web,Job Board
93,1,10,9,2026-06-27,Submitted,Mobile,Company Site
94,14,20,8,2026-04-08,Rejected,Referral,Company Site
95,4,10,9,2026-06-08,Submitted,Web,Company Site
96,8,11,8,2026-05-05,Rejected,Web,Job Board
97,24,18,8,2026-06-29,Submitted,Web,Company Site
98,46,9,9,2026-05-31,Rejected,Web,Job Board
99,44,15,3,2026-04-28,Shortlisted,Mobile,Company Site
100,5,8,9,2026-06-25,Shortlisted,Referral,Company Site
